institution_id,institution_name,country,city,latitude,longitude,institution_type,size_category,technical_or_comprehensive,public_or_private,pilot_overlap,selection_status,selection_rationale,exclusion_rationale,official_website,institutional_profile,primary_comparison_family,comparison_tags,inclusion_method,governance_status,parent_institution_id
lund_se,Lund University,Sweden,,,,,,,,True,full_study_selected,Pilot institution retained in the full-study sample for pre/post-expansion comparability; represents comprehensive_research_university within Sweden.,,https://www.lu.se,Large comprehensive research university,comprehensive_research_university,research_intensive;comprehensive,stratified_sample,independent,
su_se,Stockholm University,Sweden,,,,,,,,False,full_study_selected,Selected via stratified sampling to represent comprehensive_research_university within Sweden's national higher-education landscape for the 7-per-country full-study frame.,,https://www.su.se,Comprehensive research university,comprehensive_research_university,research_intensive;comprehensive,stratified_sample,independent,
gu_se,University of Gothenburg,Sweden,,,,,,,,False,full_study_selected,Selected via stratified sampling to represent comprehensive_research_university within Sweden's national higher-education landscape for the 7-per-country full-study frame.,,https://www.gu.se,Comprehensive research university,comprehensive_research_university,research_intensive;comprehensive,stratified_sample,independent,
umu_se,Umeå University,Sweden,,,,,,,,False,full_study_selected,Selected via stratified sampling to represent comprehensive_research_university within Sweden's national higher-education landscape for the 7-per-country full-study frame.,,https://www.umu.se,Comprehensive research university,comprehensive_research_university,research_intensive;comprehensive,stratified_sample,independent,
kth_se,KTH Royal Institute of Technology,Sweden,,,,,,,,False,full_study_selected,Selected via stratified sampling to represent technical_university within Sweden's national higher-education landscape for the 7-per-country full-study frame.,,https://www.kth.se,Technical university,technical_university,technical;research_intensive,stratified_sample,independent,
liu_se,Linköping University,Sweden,,,,,,,,False,full_study_selected,Selected via stratified sampling to represent comprehensive_research_university within Sweden's national higher-education landscape for the 7-per-country full-study frame.,,https://www.liu.se,Comprehensive research university with strong technical faculty,comprehensive_research_university,research_intensive;comprehensive,stratified_sample,independent,
ju_se,Jönköping University,Sweden,,,,,,,,False,full_study_selected,Selected via stratified sampling to represent comprehensive_research_university within Sweden's national higher-education landscape for the 7-per-country full-study frame.,,https://ju.se,Private foundation-run comprehensive university,comprehensive_research_university,comprehensive;private,stratified_sample,independent,
uio_no,University of Oslo,Norway,,,,,,,,True,full_study_selected,Pilot institution retained in the full-study sample for pre/post-expansion comparability; represents comprehensive_research_university within Norway.,,https://www.uio.no,Comprehensive research university,comprehensive_research_university,research_intensive;comprehensive,stratified_sample,independent,
uib_no,University of Bergen,Norway,,,,,,,,False,full_study_selected,Selected via stratified sampling to represent comprehensive_research_university within Norway's national higher-education landscape for the 7-per-country full-study frame.,,https://www.uib.no,Comprehensive research university,comprehensive_research_university,research_intensive;comprehensive,stratified_sample,independent,
ntnu_no,Norwegian University of Science and Technology,Norway,,,,,,,,False,full_study_selected,Selected via stratified sampling to represent technical_university within Norway's national higher-education landscape for the 7-per-country full-study frame.,,https://www.ntnu.no,Technical university with broad faculty coverage,technical_university,technical;research_intensive,stratified_sample,independent,
uit_no,UiT The Arctic University of Norway,Norway,,,,,,,,False,full_study_selected,Selected via stratified sampling to represent comprehensive_research_university within Norway's national higher-education landscape for the 7-per-country full-study frame.,,https://www.uit.no,Comprehensive research university,comprehensive_research_university,research_intensive;comprehensive,stratified_sample,independent,
uia_no,University of Agder,Norway,,,,,,,,False,full_study_selected,Selected via stratified sampling to represent comprehensive_research_university within Norway's national higher-education landscape for the 7-per-country full-study frame.,,https://www.uia.no,Comprehensive university,comprehensive_research_university,comprehensive,stratified_sample,independent,
oslomet_no,Oslo Metropolitan University,Norway,,,,,,,,False,full_study_selected,Selected via stratified sampling to represent applied_sciences_university within Norway's national higher-education landscape for the 7-per-country full-study frame.,,https://www.oslomet.no,University of applied sciences (former university college),applied_sciences_university,applied_sciences;comprehensive,stratified_sample,independent,
bi_no,BI Norwegian Business School,Norway,,,,,,,,False,full_study_selected,Selected via stratified sampling to represent business_school within Norway's national higher-education landscape for the 7-per-country full-study frame.,,https://www.bi.no,Private business school,business_school,business;private,stratified_sample,independent,
au_dk,Aarhus University,Denmark,,,,,,,,True,full_study_selected,Pilot institution retained in the full-study sample for pre/post-expansion comparability; represents comprehensive_research_university within Denmark.,,https://www.au.dk,Comprehensive research university,comprehensive_research_university,research_intensive;comprehensive,stratified_sample,independent,
ku_dk,University of Copenhagen,Denmark,,,,,,,,False,full_study_selected,Selected via stratified sampling to represent comprehensive_research_university within Denmark's national higher-education landscape for the 7-per-country full-study frame.,,https://www.ku.dk,Comprehensive research university,comprehensive_research_university,research_intensive;comprehensive,stratified_sample,independent,
sdu_dk,University of Southern Denmark,Denmark,,,,,,,,False,full_study_selected,Selected via stratified sampling to represent comprehensive_research_university within Denmark's national higher-education landscape for the 7-per-country full-study frame.,,https://www.sdu.dk,Comprehensive research university,comprehensive_research_university,comprehensive,stratified_sample,independent,
aau_dk,Aalborg University,Denmark,,,,,,,,False,full_study_selected,Selected via stratified sampling to represent comprehensive_research_university within Denmark's national higher-education landscape for the 7-per-country full-study frame.,,https://www.aau.dk,Comprehensive research university with technical strength,comprehensive_research_university,comprehensive;technical,stratified_sample,independent,
dtu_dk,Technical University of Denmark,Denmark,,,,,,,,False,full_study_selected,Selected via stratified sampling to represent technical_university within Denmark's national higher-education landscape for the 7-per-country full-study frame.,,https://www.dtu.dk,Technical university,technical_university,technical;research_intensive,stratified_sample,independent,
cbs_dk,Copenhagen Business School,Denmark,,,,,,,,False,full_study_selected,Selected via stratified sampling to represent business_school within Denmark's national higher-education landscape for the 7-per-country full-study frame.,,https://www.cbs.dk,Business school,business_school,business;research_intensive,stratified_sample,independent,
via_dk,VIA University College,Denmark,,,,,,,,False,full_study_selected,Selected via stratified sampling to represent applied_sciences_university within Denmark's national higher-education landscape for the 7-per-country full-study frame.,,https://www.via.dk,University college (applied professional bachelor programmes),applied_sciences_university,applied_sciences,stratified_sample,independent,
aalto_fi,Aalto University,Finland,,,,,,,,True,full_study_selected,Pilot institution retained in the full-study sample for pre/post-expansion comparability; represents technical_university within Finland.,,https://www.aalto.fi,"Technical, business, and arts merger university",technical_university,technical;research_intensive;comprehensive,stratified_sample,independent,
helsinki_fi,University of Helsinki,Finland,,,,,,,,False,full_study_selected,Selected via stratified sampling to represent comprehensive_research_university within Finland's national higher-education landscape for the 7-per-country full-study frame.,,https://www.helsinki.fi,Comprehensive research university,comprehensive_research_university,research_intensive;comprehensive,stratified_sample,independent,
turku_fi,University of Turku,Finland,,,,,,,,False,full_study_selected,Selected via stratified sampling to represent comprehensive_research_university within Finland's national higher-education landscape for the 7-per-country full-study frame.,,https://www.utu.fi,Comprehensive research university,comprehensive_research_university,comprehensive,stratified_sample,independent,
oulu_fi,University of Oulu,Finland,,,,,,,,False,full_study_selected,Selected via stratified sampling to represent comprehensive_research_university within Finland's national higher-education landscape for the 7-per-country full-study frame.,,https://www.oulu.fi,Comprehensive research university,comprehensive_research_university,comprehensive,stratified_sample,independent,
tampere_fi,Tampere University,Finland,,,,,,,,False,full_study_selected,Selected via stratified sampling to represent comprehensive_research_university within Finland's national higher-education landscape for the 7-per-country full-study frame.,,https://www.tuni.fi,Comprehensive research university with technical faculty,comprehensive_research_university,comprehensive;technical,stratified_sample,independent,
savonia_fi,Savonia University of Applied Sciences,Finland,,,,,,,,False,full_study_selected,Selected via stratified sampling to represent applied_sciences_university within Finland's national higher-education landscape for the 7-per-country full-study frame.,,https://www.savonia.fi,University of applied sciences,applied_sciences_university,applied_sciences,stratified_sample,independent,
hanken_fi,Hanken School of Economics,Finland,,,,,,,,False,full_study_selected,Selected via stratified sampling to represent business_school within Finland's national higher-education landscape for the 7-per-country full-study frame.,,https://www.hanken.fi,Business school,business_school,business,stratified_sample,independent,
hi_is,University of Iceland,Iceland,,,,,,,,False,full_study_selected,"Included via national census: one of Iceland's degree-granting higher-education institutions, ensuring complete national coverage.",,https://www.hi.is,Comprehensive research university; lead institution of the Icelandic higher-education federation,comprehensive_research_university,research_intensive;comprehensive;federation_lead,national_census,federation_lead,
ru_is,Reykjavík University,Iceland,,,,,,,,True,full_study_selected,Pilot institution retained in the full-study sample for pre/post-expansion comparability; represents comprehensive_research_university within Iceland.,,https://www.ru.is,"Private comprehensive university (business, law, computer science, engineering)",comprehensive_research_university,comprehensive;private,national_census,independent,
unak_is,University of Akureyri,Iceland,,,,,,,,False,full_study_selected,"Included via national census: one of Iceland's degree-granting higher-education institutions, ensuring complete national coverage.",,https://www.unak.is,Comprehensive university,comprehensive_research_university,comprehensive,national_census,independent,
bifrost_is,Bifröst University,Iceland,,,,,,,,False,full_study_selected,"Included via national census: one of Iceland's degree-granting higher-education institutions, ensuring complete national coverage.",,https://www.bifrost.is,"Private specialized institution (business, law, social science)",specialized_institution,business;private;small_specialized,national_census,independent,
lhi_is,Iceland University of the Arts,Iceland,,,,,,,,False,full_study_selected,"Included via national census: one of Iceland's degree-granting higher-education institutions, ensuring complete national coverage.",,https://www.lhi.is,Private specialized arts institution,arts_specialized_institution,arts;private;small_specialized,national_census,independent,
lbhi_is,Agricultural University of Iceland,Iceland,,,,,,,,False,full_study_selected,"Included via national census: one of Iceland's degree-granting higher-education institutions, ensuring complete national coverage.",,https://www.lbhi.is,"Specialized institution (agriculture, environment)",specialized_institution,applied_sciences;small_specialized,national_census,independent,
holar_is,University of Iceland at Hólar,Iceland,,,,,,,,False,full_study_selected,"Included via national census: one of Iceland's degree-granting higher-education institutions, ensuring complete national coverage.",,https://www.holar.is,"Small specialized institution (aquaculture, equine science, rural tourism); federated member of the University of Iceland",specialized_institution,small_specialized;federation_member,national_census,federated_member,hi_is
